CommitId,ExecutionTime,
6cf596df183b3c3a38ed5dd9bb3b0100c6548ebb,207115,
cb49e436b9d7ee55f2531ebc2ef1863f5c9ba9fe,1437,
2801269c7e47bd6e243612654a74cee809d20959,1395,
72f61ec9b85a740fd09d10ad711e275d2ec2e564,2041,
722ef9156896248ef3fbe83adde0f6ff8f46856a,1449,
18a7bd1fd1a83b3b8d1b245e32f78c0b4443b7a7,1516,
55ffa2f3353c5dc77fe6b790e5e045b76a07a772,1507,
e235f884f2e0bc258da77b9c80492ad33386fa86,2144,
4ef35268bb96bb78b2dc698fa68e7ce763cde32e,2205,
56d4b999e8be70be237049708f019c278c356e71,2226,
2b89553db5081fe4e55b7b34d636d0ea2acf71c5,2428,
446e2537895c15b404a74107069a12f3fc404b15,2901,
19a49f8f36b2f6d82534dc13504d672e41a3a8d1,1566,
44dea1f292933192ea5287d9b3e14a7daaef3c0f,1481,
718782014519034b28f6d3182fd9d340b7b31a74,1575,
f6212a7e474f812f31ddbce6d4f7a7a0d498b751,2213,
182f4d1174036417aad9d6db908ceaf64234fd5f,2173,
cb98ee25ff52bf97faebe3f45cdef0ced9b4416e,1971,
b47634176fa48ad925f79886c6aaca225cb9af64,1568,
40e41d11d7847d660bba6691859b0506514bd0ac,1688,
da29a040ebae664274b28117b157044af0f525fa,2075,
457a7f637ddb226acf477cae0b04c8ff16ec9a50,2075,
c11fef6e7c80681ce69e5fdc7f4796b0b7a18e2b,1363,
f01d8610b9ceebc1de59d42f569b8af3efbe0a0f,2348,
7a2e0ae5f6172cbe34f9bc4a5cde666314ff75dd,1794,new
71820e573134be3fad3935035249cd77c4412f4e,7565,
b36ab386559d04db114db8edd87c8d4cbf850c12,2153,
1571049ec04b1e7e6f082ed5ec071584e7200c12,1420,
cd8c4d578a609bdd6395d3a8c49bfd19ed700dea,2990,
da6167af3bdbf7663af6c20fb603aba27dd5e174,3617,
ffae1691c0cd526ed1095fbabbc0855d016790d7,1436,
6c59050b8b03adf6d8043f3fb7add0496f447edf,2161,
1d96e1ad1dca6e2151603e10515bb04f0c2730fc,2101,
a6601066ddc72ef8e71c46c5a51e1252ea0a1af5,5017,
f797bfa4da53315b49f8d97b784047f33ba1bf5f,1828,
071588a418dbc743e0f7dbfe218cd8a6c0f97421,1259,
00aa01fb90f3210d1e3027d7f759fb1085b814bd,2696,
c1b847acdc8cb90a1498b236b3bb5c81ca75c044,1833,
e813a0be86c87366157a0201e6c61662cadee586,1620,
2581441eda268c45306423dd4c515514d98a14a0,2284,
200f1577d238a6d3fbcf99cb2a2585b2071214a6,6567,
0e815f3e1339f91960c7c64ab395de6dd8ff9eec,2165,
5cdabae35f0642e9fe243afe12e4c16b3378a150,1514,
69dd55c93fc99c5f7a1e2c21f10e671e311be49e,2108,
2b2bb6c734d106cdd1c0f4691607be2fe11d7ebb,9841,
a7401e5091c06c68fae499ea1972b40143c66fa9,1514,
84937551787072a4befac29fb48436b3187ac4c6,1568,
64938ebcfc2fc8cd9ccd6cf31dbcd8cdd0660aca,1528,
b2b4085348de32f10903970dded99fdf0376a43c,2223,
fcc9a34356817d93c24b5ccf3107ec234a28b136,1962,
08b1b56e2cd5ad72126f4bbeb15a47d9b104dfff,1582,
02d3fa171d02c9d82c7bdcaeb739f47d0c0006a0,1705,
3b1f4e56fea289860b31ef83ccfe96a3a003cc8b,1696,
b6565814805dfb2d989be25c11d4fb4cf8fb1d84,1514,
